{
  "students": [
    {
      "id": 2,
      "first_name": "Jack",
      "last_name": "Greene",
      "email": "jack@mail.com"
    },
    {
      "first_name": "Jane",
      "last_name": "Goodall",
      "email": "jane@mail.com",
      "id": 3
    },
    {
      "first_name": "Jane1",
      "last_name": "Goodall1",
      "email": "jane@mailtest.com",
      "id": 4
    },
    {
      "first_name": "jane",
      "last_name": "woodward",
      "email": "jane@gmail.com",
      "id": 5
    },
    {
      "first_name": "frank",
      "last_name": "oz",
      "email": "oz@z.com",
      "id": 6
    },
    {
      "first_name": "adasd",
      "last_name": "asdasd",
      "email": "asd@sdds.com",
      "id": 7
    },
    {
      "first_name": "test12",
      "last_name": "class",
      "email": "12@parsons.edu",
      "id": 8
    }
  ],
  "responses": []
}